{
  "timeZones": [
    
      {
        "value": "Dateline Standard Time",
        "index": "1",
        "id": "DST",
        "offset": -12,
        "isdst": false,
        "name": "International Date Line West (UTC-12:00)",
        "utc": [
          "Etc/GMT+12"
        ]
      },
      {
        "value": "UTC-11",
        "index": "2",
        "id": "U",
        "offset": -11,
        "isdst": false,
        "name": "Coordinated Universal Time-11 (UTC-11:00)",
        "utc": [
          "Etc/GMT+11",
          "Pacific/Midway",
          "Pacific/Niue",
          "Pacific/Pago_Pago"
        ]
      },
      {
        "value": "Hawaiian Standard Time",
        "id": "HST",
        "index": "3",
        "offset": -10,
        "isdst": false,
        "name": "Hawaii (UTC-10:00)",
        "utc": [
          "Etc/GMT+10",
          "Pacific/Honolulu",
          "Pacific/Johnston",
          "Pacific/Rarotonga",
          "Pacific/Tahiti"
        ]
      },
      {
        "value": "Alaskan Standard Time",
        "id": "AKDT",
        "index": "4",
        "offset": -8,
        "isdst": true,
        "name": "Alaska (UTC-09:00)",
        "utc": [
          "America/Anchorage",
          "America/Juneau",
          "America/Nome",
          "America/Sitka",
          "America/Yakutat"
        ]
      },
      {
        "value": "Pacific Standard Time (Mexico)",
        "id": "PDT",
        "index": "5",
        "offset": -7,
        "isdst": true,
        "name": "Baja California (UTC-08:00)",
        "utc": [
          "America/Santa_Isabel"
        ]
      },
      {
        "value": "Pacific Daylight Time",
        "id": "PDT",
        "index": "6",
        "offset": -7,
        "isdst": true,
        "name": "Pacific Time (US & Canada) (UTC-07:00)",
        "utc": [
          "America/Dawson",
          "America/Los_Angeles",
          "America/Tijuana",
          "America/Vancouver",
          "America/Whitehorse"
        ]
      },
      {
        "value": "Pacific Standard Time",
        "id": "PST",
        "index": "7",
        "offset": -8,
        "isdst": false,
        "name": "Pacific Time (US & Canada) (UTC-08:00)",
        "utc": [
          "America/Dawson",
          "America/Los_Angeles",
          "America/Tijuana",
          "America/Vancouver",
          "America/Whitehorse",
          "PST8PDT"
        ]
      },
      {
        "value": "US Mountain Standard Time",
        "id": "UMST",
        "index": "8",
        "offset": -7,
        "isdst": false,
        "name": "Arizona (UTC-07:00)",
        "utc": [
          "America/Creston",
          "America/Dawson_Creek",
          "America/Hermosillo",
          "America/Phoenix",
          "Etc/GMT+7"
        ]
      },
      {
        "value": "Mountain Standard Time (Mexico)",
        "id": "MDT",
        "index": "9",
        "offset": -6,
        "isdst": true,
        "name": "Chihuahua, La Paz, Mazatlan (UTC-07:00)",
        "utc": [
          "America/Chihuahua",
          "America/Mazatlan"
        ]
      },
      {
        "value": "Mountain Standard Time",
        "id": "MDT",
        "index": "10",
        "offset": -6,
        "isdst": true,
        "name": "Mountain Time (US & Canada) (UTC-07:00)",
        "utc": [
          "America/Boise",
          "America/Cambridge_Bay",
          "America/Denver",
          "America/Edmonton",
          "America/Inuvik",
          "America/Ojinaga",
          "America/Yellowknife",
          "MST7MDT"
        ]
      },
      {
        "value": "Central America Standard Time",
        "id": "CAST",
        "index": "11",
        "offset": -6,
        "isdst": false,
        "name": "Central America (UTC-06:00)",
        "utc": [
          "America/Belize",
          "America/Costa_Rica",
          "America/El_Salvador",
          "America/Guatemala",
          "America/Managua",
          "America/Tegucigalpa",
          "Etc/GMT+6",
          "Pacific/Galapagos"
        ]
      },
      {
        "value": "Central Standard Time",
        "id": "CDT",
        "index": "12",
        "offset": -5,
        "isdst": true,
        "name": "Central Time (US & Canada) (UTC-06:00)",
        "utc": [
          "America/Chicago",
          "America/Indiana/Knox",
          "America/Indiana/Tell_City",
          "America/Matamoros",
          "America/Menominee",
          "America/North_Dakota/Beulah",
          "America/North_Dakota/Center",
          "America/North_Dakota/New_Salem",
          "America/Rainy_River",
          "America/Rankin_Inlet",
          "America/Resolute",
          "America/Winnipeg",
          "CST6CDT"
        ]
      },
      {
        "value": "Central Standard Time (Mexico)",
        "id": "CDT",
        "index": "13",
        "offset": -5,
        "isdst": true,
        "name": "Guadalajara, Mexico City, Monterrey (UTC-06:00)",
        "utc": [
          "America/Bahia_Banderas",
          "America/Cancun",
          "America/Merida",
          "America/Mexico_City",
          "America/Monterrey"
        ]
      },
      {
        "value": "Canada Central Standard Time",
        "id": "CCST",
        "index": "14",
        "offset": -6,
        "isdst": false,
        "name": "Saskatchewan (UTC-06:00)",
        "utc": [
          "America/Regina",
          "America/Swift_Current"
        ]
      },
      {
        "value": "SA Pacific Standard Time",
        "id": "SPST",
        "index": "15",
        "offset": -5,
        "isdst": false,
        "name": "Bogota, Lima, Quito (UTC-05:00)",
        "utc": [
          "America/Bogota",
          "America/Cayman",
          "America/Coral_Harbour",
          "America/Eirunepe",
          "America/Guayaquil",
          "America/Jamaica",
          "America/Lima",
          "America/Panama",
          "America/Rio_Branco",
          "Etc/GMT+5"
        ]
      },
      {
        "value": "Eastern Standard Time",
        "id": "EDT",
        "index": "16",
        "offset": -4,
        "isdst": true,
        "name": "Eastern Time (US & Canada) (UTC-05:00)",
        "utc": [
          "America/Detroit",
          "America/Havana",
          "America/Indiana/Petersburg",
          "America/Indiana/Vincennes",
          "America/Indiana/Winamac",
          "America/Iqaluit",
          "America/Kentucky/Monticello",
          "America/Louisville",
          "America/Montreal",
          "America/Nassau",
          "America/New_York",
          "America/Nipigon",
          "America/Pangnirtung",
          "America/Port-au-Prince",
          "America/Thunder_Bay",
          "America/Toronto",
          "EST5EDT"
        ]
      },
      {
        "value": "US Eastern Standard Time",
        "id": "UEDT",
        "index": "17",
        "offset": -4,
        "isdst": true,
        "name": "Indiana (East) (UTC-05:00)",
        "utc": [
          "America/Indiana/Marengo",
          "America/Indiana/Vevay",
          "America/Indianapolis"
        ]
      },
      {
        "value": "Venezuela Standard Time",
        "id": "VST",
        "index": "18",
        "offset": -4.5,
        "isdst": false,
        "name": "Caracas (UTC-04:30)",
        "utc": [
          "America/Caracas"
        ]
      },
      {
        "value": "Paraguay Standard Time",
        "id": "PYT",
        "index": "19",
        "offset": -4,
        "isdst": false,
        "name": "Asuncion (UTC-04:00)",
        "utc": [
          "America/Asuncion"
        ]
      },
      {
        "value": "Atlantic Standard Time",
        "id": "ADT",
        "index": "20",
        "offset": -3,
        "isdst": true,
        "name": "Atlantic Time (Canada) (UTC-04:00)",
        "utc": [
          "America/Glace_Bay",
          "America/Goose_Bay",
          "America/Halifax",
          "America/Moncton",
          "America/Thule",
          "Atlantic/Bermuda"
        ]
      },
      {
        "value": "Central Brazilian Standard Time",
        "id": "CBST",
        "index": "21",
        "offset": -4,
        "isdst": false,
        "name": "Cuiaba (UTC-04:00)",
        "utc": [
          "America/Campo_Grande",
          "America/Cuiaba"
        ]
      },
      {
        "value": "SA Western Standard Time",
        "id": "SWST",
        "index": "22",
        "offset": -4,
        "isdst": false,
        "name": "Georgetown, La Paz, Manaus, San Juan (UTC-04:00)",
        "utc": [
          "America/Anguilla",
          "America/Antigua",
          "America/Aruba",
          "America/Barbados",
          "America/Blanc-Sablon",
          "America/Boa_Vista",
          "America/Curacao",
          "America/Dominica",
          "America/Grand_Turk",
          "America/Grenada",
          "America/Guadeloupe",
          "America/Guyana",
          "America/Kralendijk",
          "America/La_Paz",
          "America/Lower_Princes",
          "America/Manaus",
          "America/Marigot",
          "America/Martinique",
          "America/Montserrat",
          "America/Port_of_Spain",
          "America/Porto_Velho",
          "America/Puerto_Rico",
          "America/Santo_Domingo",
          "America/St_Barthelemy",
          "America/St_Kitts",
          "America/St_Lucia",
          "America/St_Thomas",
          "America/St_Vincent",
          "America/Tortola",
          "Etc/GMT+4"
        ]
      },
      {
        "value": "Pacific SA Standard Time",
        "id": "PSST",
        "index": "23",
        "offset": -4,
        "isdst": false,
        "name": "(UTC-04:00) Santiago",
        "utc": [
          "America/Santiago",
          "Antarctica/Palmer"
        ]
      },
      {
        "value": "Newfoundland Standard Time",
        "id": "NDT",
        "index": "24",
        "offset": -2.5,
        "isdst": true,
        "name": "Newfoundland (UTC-03:30)",
        "utc": [
          "America/St_Johns"
        ]
      },
      {
        "value": "E. South America Standard Time",
        "id": "ESAST",
        "index": "25",
        "offset": -3,
        "isdst": false,
        "name": "Brasilia (UTC-03:00)",
        "utc": [
          "America/Sao_Paulo"
        ]
      },
      {
        "value": "Argentina Standard Time",
        "id": "AST",
        "index": "26",
        "offset": -3,
        "isdst": false,
        "name": "Buenos Aires (UTC-03:00)",
        "utc": [
          "America/Argentina/La_Rioja",
          "America/Argentina/Rio_Gallegos",
          "America/Argentina/Salta",
          "America/Argentina/San_Juan",
          "America/Argentina/San_Luis",
          "America/Argentina/Tucuman",
          "America/Argentina/Ushuaia",
          "America/Buenos_Aires",
          "America/Catamarca",
          "America/Cordoba",
          "America/Jujuy",
          "America/Mendoza"
        ]
      },
      {
        "value": "SA Eastern Standard Time",
        "id": "SEST",
        "index": "27",
        "offset": -3,
        "isdst": false,
        "name": "Cayenne, Fortaleza (UTC-03:00)",
        "utc": [
          "America/Araguaina",
          "America/Belem",
          "America/Cayenne",
          "America/Fortaleza",
          "America/Maceio",
          "America/Paramaribo",
          "America/Recife",
          "America/Santarem",
          "Antarctica/Rothera",
          "Atlantic/Stanley",
          "Etc/GMT+3"
        ]
      },
      {
        "value": "Greenland Standard Time",
        "id": "GDT",
        "index": "28",
        "offset": -3,
        "isdst": true,
        "name": "Greenland (UTC-03:00)",
        "utc": [
          "America/Godthab"
        ]
      },
      {
        "value": "Montevideo Standard Time",
        "id": "MST",
        "index": "29",
        "offset": -3,
        "isdst": false,
        "name": "Montevideo (UTC-03:00)",
        "utc": [
          "America/Montevideo"
        ]
      },
      {
        "value": "Bahia Standard Time",
        "id": "BST",
        "index": "30",
        "offset": -3,
        "isdst": false,
        "name": "Salvador (UTC-03:00)",
        "utc": [
          "America/Bahia"
        ]
      },
      {
        "value": "UTC-02",
        "id": "U",
        "index": "31",
        "offset": -2,
        "isdst": false,
        "name": "Coordinated Universal Time-02 (UTC-02:00)",
        "utc": [
          "America/Noronha",
          "Atlantic/South_Georgia",
          "Etc/GMT+2"
        ]
      },
      {
        "value": "Mid-Atlantic Standard Time",
        "id": "MDT",
        "index": "32",
        "offset": -1,
        "isdst": true,
        "name": "Mid-Atlantic - Old (UTC-02:00)",
        "utc": []
      },
      {
        "value": "Azores Standard Time",
        "id": "ADT",
        "index": "33",
        "offset": 0,
        "isdst": true,
        "name": "Azores (UTC-01:00)",
        "utc": [
          "America/Scoresbysund",
          "Atlantic/Azores"
        ]
      },
      {
        "value": "Cape Verde Standard Time",
        "id": "CVST",
        "index": "34",
        "offset": -1,
        "isdst": false,
        "name": "Cape Verde Is. (UTC-01:00)",
        "utc": [
          "Atlantic/Cape_Verde",
          "Etc/GMT+1"
        ]
      },
      {
        "value": "Morocco Standard Time",
        "id": "MDT",
        "index": "35",
        "offset": 1,
        "isdst": true,
        "name": "Casablanca (UTC)",
        "utc": [
          "Africa/Casablanca",
          "Africa/El_Aaiun"
        ]
      },
      {
        "value": "UTC",
        "id": "UTC",
        "index": "36",
        "offset": 0,
        "isdst": false,
        "name": "Coordinated Universal Time (UTC)",
        "utc": [
          "America/Danmarkshavn",
          "Etc/GMT"
        ]
      },
      {
        "value": "GMT Standard Time",
        "id": "GMT",
        "index": "37",
        "offset": 0,
        "isdst": false,
        "name": "Edinburgh, London (UTC)",
        "utc": [
          "Europe/Isle_of_Man",
          "Europe/Guernsey",
          "Europe/Jersey",
          "Europe/London"
        ]
      },
      {
        "value": "British Summer Time",
        "id": "BST",
        "index": "38",
        "offset": 1,
        "isdst": true,
        "name": "Edinburgh, London (UTC+01:00)",
        "utc": [
          "Europe/Isle_of_Man",
          "Europe/Guernsey",
          "Europe/Jersey",
          "Europe/London"
        ]
      },
      {
        "value": "GMT Standard Time",
        "id": "GDT",
        "index": "39",
        "offset": 1,
        "isdst": true,
        "name": "Dublin, Lisbon (UTC)",
        "utc": [
          "Atlantic/Canary",
          "Atlantic/Faeroe",
          "Atlantic/Madeira",
          "Europe/Dublin",
          "Europe/Lisbon"
        ]
      },
      {
        "value": "Greenwich Standard Time",
        "id": "GST",
        "index": "40",
        "offset": 0,
        "isdst": false,
        "name": "Monrovia, Reykjavik (UTC)",
        "utc": [
          "Africa/Abidjan",
          "Africa/Accra",
          "Africa/Bamako",
          "Africa/Banjul",
          "Africa/Bissau",
          "Africa/Conakry",
          "Africa/Dakar",
          "Africa/Freetown",
          "Africa/Lome",
          "Africa/Monrovia",
          "Africa/Nouakchott",
          "Africa/Ouagadougou",
          "Africa/Sao_Tome",
          "Atlantic/Reykjavik",
          "Atlantic/St_Helena"
        ]
      },
      {
        "value": "W. Europe Standard Time",
        "id": "WEDT",
        "index": "41",
        "offset": 2,
        "isdst": true,
        "name": "Amsterdam, Berlin, Bern, Rome, Stockholm, Vienna (UTC+01:00)",
        "utc": [
          "Arctic/Longyearbyen",
          "Europe/Amsterdam",
          "Europe/Andorra",
          "Europe/Berlin",
          "Europe/Busingen",
          "Europe/Gibraltar",
          "Europe/Luxembourg",
          "Europe/Malta",
          "Europe/Monaco",
          "Europe/Oslo",
          "Europe/Rome",
          "Europe/San_Marino",
          "Europe/Stockholm",
          "Europe/Vaduz",
          "Europe/Vatican",
          "Europe/Vienna",
          "Europe/Zurich"
        ]
      },
      {
        "value": "Central Europe Standard Time",
        "id": "CEDT",
        "index": "42",
        "offset": 2,
        "isdst": true,
        "name": "Belgrade, Bratislava, Budapest, Ljubljana, Prague (UTC+01:00)",
        "utc": [
          "Europe/Belgrade",
          "Europe/Bratislava",
          "Europe/Budapest",
          "Europe/Ljubljana",
          "Europe/Podgorica",
          "Europe/Prague",
          "Europe/Tirane"
        ]
      },
      {
        "value": "Romance Standard Time",
        "id": "RDT",
        "index": "43",
        "offset": 2,
        "isdst": true,
        "name": "Brussels, Copenhagen, Madrid, Paris (UTC+01:00)",
        "utc": [
          "Africa/Ceuta",
          "Europe/Brussels",
          "Europe/Copenhagen",
          "Europe/Madrid",
          "Europe/Paris"
        ]
      },
      {
        "value": "Central European Standard Time",
        "id": "CEDT",
        "index": "44",
        "offset": 2,
        "isdst": true,
        "name": "Sarajevo, Skopje, Warsaw, Zagreb (UTC+01:00)",
        "utc": [
          "Europe/Sarajevo",
          "Europe/Skopje",
          "Europe/Warsaw",
          "Europe/Zagreb"
        ]
      },
      {
        "value": "W. Central Africa Standard Time",
        "id": "WCAST",
        "index": "45",
        "offset": 1,
        "isdst": false,
        "name": "West Central Africa (UTC+01:00)",
        "utc": [
          "Africa/Algiers",
          "Africa/Bangui",
          "Africa/Brazzaville",
          "Africa/Douala",
          "Africa/Kinshasa",
          "Africa/Lagos",
          "Africa/Libreville",
          "Africa/Luanda",
          "Africa/Malabo",
          "Africa/Ndjamena",
          "Africa/Niamey",
          "Africa/Porto-Novo",
          "Africa/Tunis",
          "Etc/GMT-1"
        ]
      },
      {
        "value": "Namibia Standard Time",
        "id": "NST",
        "index": "46",
        "offset": 1,
        "isdst": false,
        "name": "Windhoek (UTC+01:00)",
        "utc": [
          "Africa/Windhoek"
        ]
      },
      {
        "value": "GTB Standard Time",
        "id": "GDT",
        "index": "47",
        "offset": 3,
        "isdst": true,
        "name": "Athens, Bucharest (UTC+02:00)",
        "utc": [
          "Asia/Nicosia",
          "Europe/Athens",
          "Europe/Bucharest",
          "Europe/Chisinau"
        ]
      },
      {
        "value": "Middle East Standard Time",
        "id": "MEDT",
        "index": "48",
        "offset": 3,
        "isdst": true,
        "name": "Beirut (UTC+02:00)",
        "utc": [
          "Asia/Beirut"
        ]
      },
      {
        "value": "Egypt Standard Time",
        "id": "EST",
        "index": "49",
        "offset": 2,
        "isdst": false,
        "name": "Cairo (UTC+02:00)",
        "utc": [
          "Africa/Cairo"
        ]
      },
      {
        "value": "Syria Standard Time",
        "id": "SDT",
        "index": "50",
        "offset": 3,
        "isdst": true,
        "name": "Damascus (UTC+02:00)",
        "utc": [
          "Asia/Damascus"
        ]
      },
      {
        "value": "E. Europe Standard Time",
        "id": "EEDT",
        "index": "51",
        "offset": 3,
        "isdst": true,
        "name": "E. Europe (UTC+02:00)",
        "utc": [
          "Asia/Nicosia",
          "Europe/Athens",
          "Europe/Bucharest",
          "Europe/Chisinau",
          "Europe/Helsinki",
          "Europe/Kiev",
          "Europe/Mariehamn",
          "Europe/Nicosia",
          "Europe/Riga",
          "Europe/Sofia",
          "Europe/Tallinn",
          "Europe/Uzhgorod",
          "Europe/Vilnius",
          "Europe/Zaporozhye"

        ]
      },
      {
        "value": "South Africa Standard Time",
        "id": "SAST",
        "index": "52",
        "offset": 2,
        "isdst": false,
        "name": "Harare, Pretoria (UTC+02:00)",
        "utc": [
          "Africa/Blantyre",
          "Africa/Bujumbura",
          "Africa/Gaborone",
          "Africa/Harare",
          "Africa/Johannesburg",
          "Africa/Kigali",
          "Africa/Lubumbashi",
          "Africa/Lusaka",
          "Africa/Maputo",
          "Africa/Maseru",
          "Africa/Mbabane",
          "Etc/GMT-2"
        ]
      },
      {
        "value": "FLE Standard Time",
        "id": "FDT",
        "index": "53",
        "offset": 3,
        "isdst": true,
        "name": "Helsinki, Kyiv, Riga, Sofia, Tallinn, Vilnius (UTC+02:00)",
        "utc": [
          "Europe/Helsinki",
          "Europe/Kiev",
          "Europe/Mariehamn",
          "Europe/Riga",
          "Europe/Sofia",
          "Europe/Tallinn",
          "Europe/Uzhgorod",
          "Europe/Vilnius",
          "Europe/Zaporozhye"
        ]
      },
      {
        "value": "Turkey Standard Time",
        "id": "TDT",
        "index": "54",
        "offset": 3,
        "isdst": false,
        "name": "Istanbul (UTC+03:00)",
        "utc": [
          "Europe/Istanbul"
        ]
      },
      {
        "value": "Israel Standard Time",
        "id": "JDT",
        "index": "55",
        "offset": 3,
        "isdst": true,
        "name": "Jerusalem (UTC+02:00)",
        "utc": [
          "Asia/Jerusalem"
        ]
      },
      {
        "value": "Libya Standard Time",
        "id": "LST",
        "index": "56",
        "offset": 2,
        "isdst": false,
        "name": "Tripoli (UTC+02:00)",
        "utc": [
          "Africa/Tripoli"
        ]
      },
      {
        "value": "Jordan Standard Time",
        "id": "JST",
        "index": "57",
        "offset": 3,
        "isdst": false,
        "name": "Amman (UTC+03:00)",
        "utc": [
          "Asia/Amman"
        ]
      },
      {
        "value": "Arabic Standard Time",
        "id": "AST",
        "index": "58",
        "offset": 3,
        "isdst": false,
        "name": "Baghdad (UTC+03:00)",
        "utc": [
          "Asia/Baghdad"
        ]
      },
      {
        "value": "Kaliningrad Standard Time",
        "id": "KST",
        "index": "59",
        "offset": 3,
        "isdst": false,
        "name": "Kaliningrad (UTC+02:00)",
        "utc": [
          "Europe/Kaliningrad"
        ]
      },
      {
        "value": "Arab Standard Time",
        "id": "AST",
        "index": "60",
        "offset": 3,
        "isdst": false,
        "name": "Kuwait, Riyadh (UTC+03:00)",
        "utc": [
          "Asia/Aden",
          "Asia/Bahrain",
          "Asia/Kuwait",
          "Asia/Qatar",
          "Asia/Riyadh"
        ]
      },
      {
        "value": "E. Africa Standard Time",
        "id": "EAST",
        "index": "61",
        "offset": 3,
        "isdst": false,
        "name": "Nairobi (UTC+03:00)",
        "utc": [
          "Africa/Addis_Ababa",
          "Africa/Asmera",
          "Africa/Dar_es_Salaam",
          "Africa/Djibouti",
          "Africa/Juba",
          "Africa/Kampala",
          "Africa/Khartoum",
          "Africa/Mogadishu",
          "Africa/Nairobi",
          "Antarctica/Syowa",
          "Etc/GMT-3",
          "Indian/Antananarivo",
          "Indian/Comoro",
          "Indian/Mayotte"
        ]
      },
      {
        "value": "Moscow Standard Time",
        "id": "MSK",
        "index": "62",
        "offset": 3,
        "isdst": false,
        "name": "Moscow, St. Petersburg, Volgograd, Minsk (UTC+03:00)",
        "utc": [
          "Europe/Kirov",
          "Europe/Moscow",
          "Europe/Simferopol",
          "Europe/Volgograd",
          "Europe/Minsk"
        ]
      },
      {
        "value": "Samara Time",
        "id": "SAMT",
        "offset": 4,
        "index": "63",
        "isdst": false,
        "name": "Samara, Ulyanovsk, Saratov (UTC+04:00)",
        "utc": [
          "Europe/Astrakhan",
          "Europe/Samara",
          "Europe/Ulyanovsk"
        ]
      },
      {
        "value": "Iran Standard Time",
        "id": "IDT",
        "index": "64",
        "offset": 4.5,
        "isdst": true,
        "name": "Tehran (UTC+03:30)",
        "utc": [
          "Asia/Tehran"
        ]
      },
      {
        "value": "Arabian Standard Time",
        "id": "AST",
        "offset": 4,
        "index": "65",
        "isdst": false,
        "name": "Abu Dhabi, Muscat (UTC+04:00)",
        "utc": [
          "Asia/Dubai",
          "Asia/Muscat",
          "Etc/GMT-4"
        ]
      },
      {
        "value": "Azerbaijan Standard Time",
        "id": "ADT",
        "offset": 5,
        "index": "66",
        "isdst": true,
        "name": "Baku (UTC+04:00)",
        "utc": [
          "Asia/Baku"
        ]
      },
      {
        "value": "Mauritius Standard Time",
        "id": "MST",
        "offset": 4,
        "index": "67",
        "isdst": false,
        "name": "Port Louis (UTC+04:00)",
        "utc": [
          "Indian/Mahe",
          "Indian/Mauritius",
          "Indian/Reunion"
        ]
      },
      {
        "value": "Georgian Standard Time",
        "id": "GET",
        "offset": 4,
        "index": "68",
        "isdst": false,
        "name": "Tbilisi (UTC+04:00)",
        "utc": [
          "Asia/Tbilisi"
        ]
      },
      {
        "value": "Caucasus Standard Time",
        "id": "CST",
        "index": "69",
        "offset": 4,
        "isdst": false,
        "name": "Yerevan (UTC+04:00)",
        "utc": [
          "Asia/Yerevan"
        ]
      },
      {
        "value": "Afghanistan Standard Time",
        "id": "AST",
        "index": "70",
        "offset": 4.5,
        "isdst": false,
        "name": "Kabul (UTC+04:30)",
        "utc": [
          "Asia/Kabul"
        ]
      },
      {
        "value": "West Asia Standard Time",
        "id": "WAST",
        "index": "71",
        "offset": 5,
        "isdst": false,
        "name": "Ashgabat, Tashkent (UTC+05:00)",
        "utc": [
          "Antarctica/Mawson",
          "Asia/Aqtau",
          "Asia/Aqtobe",
          "Asia/Ashgabat",
          "Asia/Dushanbe",
          "Asia/Oral",
          "Asia/Samarkand",
          "Asia/Tashkent",
          "Etc/GMT-5",
          "Indian/Kerguelen",
          "Indian/Maldives"
        ]
      },
      {
        "value": "Yekaterinburg Time",
        "id": "YEKT",
        "index": "72",
        "offset": 5,
        "isdst": false,
        "name": "Yekaterinburg (UTC+05:00)",
        "utc": [
          "Asia/Yekaterinburg"
        ]
      },
      {
        "value": "Pakistan Standard Time",
        "id": "PKT",
        "index": "73",
        "offset": 5,
        "isdst": false,
        "name": "Islamabad, Karachi (UTC+05:00)",
        "utc": [
          "Asia/Karachi"
        ]
      },
      {
        "value": "India Standard Time",
        "id": "IST",
        "index": "74",
        "offset": 5.5,
        "isdst": false,
        "name": "Chennai, Kolkata, Mumbai, New Delhi (UTC+05:30)",
        "utc": [
          "Asia/Kolkata"
        ]
      },
      {
        "value": "Sri Lanka Standard Time",
        "id": "SLST",
        "index": "75",
        "offset": 5.5,
        "isdst": false,
        "name": "Sri Jayawardenepura (UTC+05:30)",
        "utc": [
          "Asia/Colombo"
        ]
      },
      {
        "value": "Nepal Standard Time",
        "id": "NST",
        "index": "76",
        "offset": 5.75,
        "isdst": false,
        "name": "Kathmandu (UTC+05:45)",
        "utc": [
          "Asia/Kathmandu"
        ]
      },
      {
        "value": "Central Asia Standard Time",
        "id": "CAST",
        "index": "77",
        "offset": 6,
        "isdst": false,
        "name": "Nur-Sultan (Astana) (UTC+06:00)",
        "utc": [
          "Antarctica/Vostok",
          "Asia/Almaty",
          "Asia/Bishkek",
          "Asia/Qyzylorda",
          "Asia/Urumqi",
          "Etc/GMT-6",
          "Indian/Chagos"
        ]
      },
      {
        "value": "Bangladesh Standard Time",
        "id": "BST",
        "index": "78",
        "offset": 6,
        "isdst": false,
        "name": "Dhaka (UTC+06:00)",
        "utc": [
          "Asia/Dhaka",
          "Asia/Thimphu"
        ]
      },
      {
        "value": "Myanmar Standard Time",
        "id": "MST",
        "index": "79",
        "offset": 6.5,
        "isdst": false,
        "name": "Yangon (Rangoon) (UTC+06:30)",
        "utc": [
          "Asia/Rangoon",
          "Indian/Cocos"
        ]
      },
      {
        "value": "SE Asia Standard Time",
        "id": "SAST",
        "index": "80",
        "offset": 7,
        "isdst": false,
        "name": "Bangkok, Hanoi, Jakarta (UTC+07:00)",
        "utc": [
          "Antarctica/Davis",
          "Asia/Bangkok",
          "Asia/Hovd",
          "Asia/Jakarta",
          "Asia/Phnom_Penh",
          "Asia/Pontianak",
          "Asia/Saigon",
          "Asia/Vientiane",
          "Etc/GMT-7",
          "Indian/Christmas"
        ]
      },
      {
        "value": "N. Central Asia Standard Time",
        "id": "NCAST",
        "index": "81",
        "offset": 7,
        "isdst": false,
        "name": "Novosibirsk (UTC+07:00)",
        "utc": [
          "Asia/Novokuznetsk",
          "Asia/Novosibirsk",
          "Asia/Omsk"
        ]
      },
      {
        "value": "China Standard Time",
        "id": "CST",
        "index": "82",
        "offset": 8,
        "isdst": false,
        "name": "Beijing, Chongqing, Hong Kong, Urumqi (UTC+08:00)",
        "utc": [
          "Asia/Hong_Kong",
          "Asia/Macau",
          "Asia/Shanghai"
        ]
      },
      {
        "value": "North Asia Standard Time",
        "id": "NAST",
        "index": "83",
        "offset": 8,
        "isdst": false,
        "name": "Krasnoyarsk (UTC+08:00)",
        "utc": [
          "Asia/Krasnoyarsk"
        ]
      },
      {
        "value": "Singapore Standard Time",
        "id": "MPST",
        "index": "84",
        "offset": 8,
        "isdst": false,
        "name": "Kuala Lumpur, Singapore (UTC+08:00)",
        "utc": [
          "Asia/Brunei",
          "Asia/Kuala_Lumpur",
          "Asia/Kuching",
          "Asia/Makassar",
          "Asia/Manila",
          "Asia/Singapore",
          "Etc/GMT-8"
        ]
      },
      {
        "value": "W. Australia Standard Time",
        "id": "WAST",
        "index": "85",
        "offset": 8,
        "isdst": false,
        "name": "Perth (UTC+08:00)",
        "utc": [
          "Antarctica/Casey",
          "Australia/Perth"
        ]
      },
      {
        "value": "Taipei Standard Time",
        "id": "TST",
        "index": "86",
        "offset": 8,
        "isdst": false,
        "name": "Taipei (UTC+08:00)",
        "utc": [
          "Asia/Taipei"
        ]
      },
      {
        "value": "Ulaanbaatar Standard Time",
        "id": "UST",
        "index": "87",
        "offset": 8,
        "isdst": false,
        "name": "Ulaanbaatar (UTC+08:00)",
        "utc": [
          "Asia/Choibalsan",
          "Asia/Ulaanbaatar"
        ]
      },
      {
        "value": "North Asia East Standard Time",
        "id": "NAEST",
        "index": "88",
        "offset": 8,
        "isdst": false,
        "name": "Irkutsk (UTC+08:00)",
        "utc": [
          "Asia/Irkutsk"
        ]
      },
      {
        "value": "Japan Standard Time",
        "id": "JST",
        "index": "89",
        "offset": 9,
        "isdst": false,
        "name": "Osaka, Sapporo, Tokyo (UTC+09:00)",
        "utc": [
          "Asia/Dili",
          "Asia/Jayapura",
          "Asia/Tokyo",
          "Etc/GMT-9",
          "Pacific/Palau"
        ]
      },
      {
        "value": "Korea Standard Time",
        "id": "KST",
        "index": "90",
        "offset": 9,
        "isdst": false,
        "name": "Seoul (UTC+09:00)",
        "utc": [
          "Asia/Pyongyang",
          "Asia/Seoul"
        ]
      },
      {
        "value": "Cen. Australia Standard Time",
        "id": "CAST",
        "index": "91",
        "offset": 9.5,
        "isdst": false,
        "name": "Adelaide (UTC+09:30)",
        "utc": [
          "Australia/Adelaide",
          "Australia/Broken_Hill"
        ]
      },
      {
        "value": "AUS Central Standard Time",
        "id": "ACST",
        "index": "92",
        "offset": 9.5,
        "isdst": false,
        "name": "Darwin (UTC+09:30)",
        "utc": [
          "Australia/Darwin"
        ]
      },
      {
        "value": "E. Australia Standard Time",
        "id": "EAST",
        "index": "93",
        "offset": 10,
        "isdst": false,
        "name": "Brisbane (UTC+10:00)",
        "utc": [
          "Australia/Brisbane",
          "Australia/Lindeman"
        ]
      },
      {
        "value": "AUS Eastern Standard Time",
        "id": "AEST",
        "index": "94",
        "offset": 10,
        "isdst": false,
        "name": "Canberra, Melbourne, Sydney (UTC+10:00)",
        "utc": [
          "Australia/Melbourne",
          "Australia/Sydney"
        ]
      },
      {
        "value": "West Pacific Standard Time",
        "id": "WPST",
        "index": "95",
        "offset": 10,
        "isdst": false,
        "name": "Guam, Port Moresby (UTC+10:00)",
        "utc": [
          "Antarctica/DumontDUrville",
          "Etc/GMT-10",
          "Pacific/Guam",
          "Pacific/Port_Moresby",
          "Pacific/Saipan",
          "Pacific/Truk"
        ]
      },
      {
        "value": "Tasmania Standard Time",
        "id": "TST",
        "index": "96",
        "offset": 10,
        "isdst": false,
        "name": "Hobart (UTC+10:00)",
        "utc": [
          "Australia/Currie",
          "Australia/Hobart"
        ]
      },
      {
        "value": "Yakutsk Standard Time",
        "id": "YST",
        "index": "97",
        "offset": 9,
        "isdst": false,
        "name": "Yakutsk (UTC+09:00)",
        "utc": [
          "Asia/Chita",
          "Asia/Khandyga",
          "Asia/Yakutsk"
        ]
      },
      {
        "value": "Central Pacific Standard Time",
        "id": "CPST",
        "index": "98",
        "offset": 11,
        "isdst": false,
        "name": "Solomon Is., New Caledonia (UTC+11:00)",
        "utc": [
          "Antarctica/Macquarie",
          "Etc/GMT-11",
          "Pacific/Efate",
          "Pacific/Guadalcanal",
          "Pacific/Kosrae",
          "Pacific/Noumea",
          "Pacific/Ponape"
        ]
      },
      {
        "value": "Vladivostok Standard Time",
        "id": "VST",
        "index": "99",
        "offset": 11,
        "isdst": false,
        "name": "Vladivostok (UTC+11:00)",
        "utc": [
          "Asia/Sakhalin",
          "Asia/Ust-Nera",
          "Asia/Vladivostok"
        ]
      },
      {
        "value": "New Zealand Standard Time",
        "id": "NZST",
        "index": "100",
        "offset": 12,
        "isdst": false,
        "name": "Auckland, Wellington (UTC+12:00)",
        "utc": [
          "Antarctica/McMurdo",
          "Pacific/Auckland"
        ]
      },
      {
        "value": "UTC+12",
        "id": "U",
        "index": "101",
        "offset": 12,
        "isdst": false,
        "name": "Coordinated Universal Time+12 (UTC+12:00)",
        "utc": [
          "Etc/GMT-12",
          "Pacific/Funafuti",
          "Pacific/Kwajalein",
          "Pacific/Majuro",
          "Pacific/Nauru",
          "Pacific/Tarawa",
          "Pacific/Wake",
          "Pacific/Wallis"
        ]
      },
      {
        "value": "Fiji Standard Time",
        "id": "FST",
        "index": "102",
        "offset": 12,
        "isdst": false,
        "name": "Fiji (UTC+12:00)",
        "utc": [
          "Pacific/Fiji"
        ]
      },
      {
        "value": "Magadan Standard Time",
        "id": "MST",
        "index": "103",
        "offset": 12,
        "isdst": false,
        "name": "Magadan (UTC+12:00)",
        "utc": [
          "Asia/Anadyr",
          "Asia/Kamchatka",
          "Asia/Magadan",
          "Asia/Srednekolymsk"
        ]
      },
      {
        "value": "Kamchatka Standard Time",
        "id": "KDT",
        "index": "104",
        "offset": 13,
        "isdst": true,
        "name": "Petropavlovsk-Kamchatsky - Old (UTC+12:00)",
        "utc": [
          "Asia/Kamchatka"
        ]
      },
      {
        "value": "Tonga Standard Time",
        "id": "TST",
        "index": "105",
        "offset": 13,
        "isdst": false,
        "name": "Nuku'alofa (UTC+13:00)",
        "utc": [
          "Etc/GMT-13",
          "Pacific/Enderbury",
          "Pacific/Fakaofo",
          "Pacific/Tongatapu"
        ]
      },
      {
        "value": "Samoa Standard Time",
        "id": "SST",
        "index": "106",
        "offset": 13,
        "isdst": false,
        "name": "Samoa (UTC+13:00)",
        "utc": [
          "Pacific/Apia"
        ]
      }
    ]
  
}

