{
  "Volunteer": [
    {
      "id": "p1",
      "index": "1",
      "value": "UTC-11",
      "name": "Cloth",
      "description": "Description 1"
    },
    {
      "id": "p2",
      "index": "2",
      "value": "UTC-11",
      "name": "Field",
      "description": "Description 2"
    },
    {
      "id": "p3",
      "index": "3",
      "value": "UTC-11",
      "name": "Photo",
      "description": "Description 3"
    },
    {
      "id": "p4",
      "index": "4",
      "value": "UTC-11",
      "name": "Water",
      "description": "Description 1"
    },
    {
      "id": "p5",
      "index": "5",
      "value": "UTC-11",
      "name": "Help",
      "description": "Description 2"
    },
    {
      "id": "p6",
      "index": "6",
      "value": "UTC-11",
      "name": "Emergency",
      "description": "Description 3"
    }
  ]
}