[{"family":"MaterialIcons","fonts":[{"asset":"fonts/MaterialIcons-Regular.otf"}]},{"family":"PoppinsRegular","fonts":[{"asset":"assets/fonts/Poppins-Regular.ttf"}]},{"family":"PoppinsBold","fonts":[{"asset":"assets/fonts/Poppins-Bold.ttf"}]},{"family":"PoppinsLight","fonts":[{"asset":"assets/fonts/Poppins-Light.ttf"}]},{"family":"PoppinsMedium","fonts":[{"asset":"assets/fonts/Poppins-Medium.ttf"}]},{"family":"PattayaRegular","fonts":[{"asset":"assets/fonts/Pattaya-Regular.ttf"}]},{"family":"OswaldMedium","fonts":[{"asset":"assets/fonts/Oswald-Medium.ttf"}]},{"family":"OswaldLight","fonts":[{"asset":"assets/fonts/Oswald-Light.ttf"}]},{"family":"packages/cupertino_icons/CupertinoIcons","fonts":[{"asset":"packages/cupertino_icons/assets/CupertinoIcons.ttf"}]}]